content_id,client_id,baseline_score,reason_codes,is_declining_label,impressions_90d,position_tier,age_tier,days_since_last_update
content_2ef97cbd21d9,client_6208ef0f77,70.26444332065833,striking_distance_slipping;post_launch_decay_window;stale_content_update;substantial_search_demand,1,28693,striking,91-180,104
content_cc5e5b6e31d1,client_6208ef0f77,70.2550946767416,striking_distance_slipping;post_launch_decay_window;stale_content_update;substantial_search_demand,1,28426,striking,91-180,104
content_0a088256d577,client_6208ef0f77,70.24895492562659,striking_distance_slipping;post_launch_decay_window;stale_content_update;substantial_search_demand,1,28252,striking,91-180,104
content_8e300c01232e,client_6208ef0f77,70.23895928882376,striking_distance_slipping;post_launch_decay_window;stale_content_update;substantial_search_demand,0,27971,striking,91-180,104
content_6e3312cb2476,client_6208ef0f77,70.21189094780117,striking_distance_slipping;post_launch_decay_window;stale_content_update;substantial_search_demand,1,27224,striking,91-180,104
content_1b0335c808b0,client_6208ef0f77,70.19283074456455,striking_distance_slipping;post_launch_decay_window;stale_content_update;substantial_search_demand,0,26710,striking,91-180,104
content_482aff19e9cc,client_7f2253d7e2,70.17686784027705,striking_distance_slipping;post_launch_decay_window;stale_content_update;substantial_search_demand,1,26287,striking,91-180,106
content_6d0ce22ba5f7,client_6208ef0f77,70.07601126684997,striking_distance_slipping;post_launch_decay_window;stale_content_update;substantial_search_demand,1,23765,striking,91-180,104
content_9baf12630279,client_6208ef0f77,70.04485689799866,striking_distance_slipping;post_launch_decay_window;stale_content_update;substantial_search_demand,1,23036,striking,91-180,104
content_caa46bc186d5,client_6208ef0f77,70.03495431527844,striking_distance_slipping;post_launch_decay_window;stale_content_update;substantial_search_demand,0,22809,striking,91-180,104
content_4de40dcded75,client_6208ef0f77,70.00242750039104,striking_distance_slipping;post_launch_decay_window;stale_content_update;substantial_search_demand,0,22079,striking,91-180,104
content_bda75e762cec,client_6208ef0f77,69.93503466803426,striking_distance_slipping;post_launch_decay_window;stale_content_update;substantial_search_demand,1,20640,striking,91-180,104
content_3f3ffb33fad0,client_6208ef0f77,69.90723053881496,striking_distance_slipping;post_launch_decay_window;stale_content_update;substantial_search_demand,0,20074,striking,91-180,104
content_04d0e70cdc43,client_6208ef0f77,69.89146557730881,striking_distance_slipping;post_launch_decay_window;stale_content_update;substantial_search_demand,1,19760,striking,91-180,104
content_53446552be95,client_6208ef0f77,69.83526224354057,striking_distance_slipping;post_launch_decay_window;stale_content_update;substantial_search_demand,1,18680,striking,91-180,104
content_49b90c089ad0,client_6208ef0f77,69.82973336394747,striking_distance_slipping;post_launch_decay_window;stale_content_update;substantial_search_demand,1,18577,striking,91-180,104
content_befb04655cb5,client_6208ef0f77,69.82227749711059,striking_distance_slipping;post_launch_decay_window;stale_content_update;substantial_search_demand,1,18439,striking,91-180,104
content_be93485deaf1,client_6208ef0f77,69.8076372268793,striking_distance_slipping;post_launch_decay_window;stale_content_update;substantial_search_demand,1,18171,striking,91-180,104
content_241b297066c6,client_6208ef0f77,69.75961718211643,striking_distance_slipping;post_launch_decay_window;stale_content_update;substantial_search_demand,1,17319,striking,91-180,104
content_4cad78836710,client_6208ef0f77,69.75938620856186,striking_distance_slipping;post_launch_decay_window;stale_content_update;substantial_search_demand,0,17315,striking,91-180,104
