content_id,client_id,oof_lgb_prob,is_declining_label,impressions_90d,avg_position,position_tier,content_age_days
content_ae56011a24de,client_624b60c58c,0.9231443515019393,1,302,4.2,page_1,102
content_9d35d489e74d,client_624b60c58c,0.9230248589197726,1,169,6.7,page_1,96
content_20c5d6a1c7b1,client_624b60c58c,0.9199376300272788,1,201,6.2,page_1,91
content_70b10b7227ac,client_624b60c58c,0.9140176080235674,1,356,7.5,page_1,99
content_1023abe9e4dd,client_624b60c58c,0.9132077901147755,1,137,4.6,page_1,95
content_d8020ed269ef,client_6208ef0f77,0.9123389195878109,1,1216,1.2,top_3,148
content_6e1add102562,client_624b60c58c,0.910549690994072,1,133,6.1,page_1,92
content_4bb993e9270e,client_6208ef0f77,0.9089057902273706,1,1986,1.3,top_3,151
content_d0fd2e1ec8f6,client_6208ef0f77,0.906857740564892,1,519,2.5,top_3,139
content_de147de3f5fe,client_624b60c58c,0.9044382713201757,0,1747,11.5,striking,113
content_a27eb2ede5e6,client_6208ef0f77,0.9041932689420472,0,2482,2.0,top_3,139
content_186489efe6f4,client_6208ef0f77,0.9019092171970001,0,4792,2.3,top_3,148
content_6752b50ee577,client_bbb965ab0c,0.8990088701641146,1,2142,2.9,top_3,131
content_9d0300db3dbb,client_624b60c58c,0.8982456331330934,1,361,7.1,page_1,119
content_7ae230422776,client_6208ef0f77,0.8967993640031497,1,2449,2.7,top_3,144
content_a3abf75d2a55,client_624b60c58c,0.8951570956459458,1,182,6.0,page_1,118
content_ba8edc136162,client_4e07408562,0.8949608907482071,1,13082,16.2,striking,228
content_194a3cd73c28,client_624b60c58c,0.8947460976485199,1,159,11.6,striking,110
content_41ffdf98a18e,client_624b60c58c,0.8945747279098779,1,247,9.5,page_1,109
content_96306a965a56,client_3fdba35f04,0.892372713422043,1,1075,0.6,top_3,165
content_d015eb800625,client_d029fa3a95,0.8911972033202908,0,1064,8.5,page_1,172
content_21ad4d626f29,client_d029fa3a95,0.8909892428429514,1,1308,3.0,page_1,103
content_56247ba27607,client_624b60c58c,0.8904388507164985,1,107,6.3,page_1,98
content_0e9a3474ec41,client_3fdba35f04,0.8901467670871047,1,160,2.1,top_3,95
content_8229343c9014,client_19581e27de,0.8899561343760534,1,1570,2.9,top_3,153
content_037242b3365b,client_624b60c58c,0.8897621893326527,0,1008,6.4,page_1,111
content_b178d2c17955,client_6208ef0f77,0.8896918097472541,0,840,3.1,page_1,144
content_2dbab51b83c9,client_d029fa3a95,0.8893372344259988,0,781,9.1,page_1,172
content_de7b147db730,client_624b60c58c,0.8888834748359282,1,125,6.4,page_1,99
content_f8b027f2c75d,client_624b60c58c,0.8888635664219696,1,74,3.3,page_1,91
content_18403983874c,client_624b60c58c,0.8888462652168709,1,2218,11.8,striking,103
content_2d39066d9944,client_624b60c58c,0.8888034820170269,1,6966,3.9,page_1,111
content_64d86659a6ac,client_624b60c58c,0.8886947844386188,1,137,6.9,page_1,99
content_2489ce211d9a,client_d029fa3a95,0.8884876313474764,1,260,2.8,top_3,130
content_e4a481bafa74,client_19581e27de,0.8882698509409184,1,1547,2.2,top_3,144
content_e74933316051,client_4ec9599fc2,0.8881320727387911,1,1674,5.7,page_1,99
content_56c54a03ece2,client_19581e27de,0.8878309150774724,1,1638,2.7,top_3,144
content_0cbf5c93e96e,client_624b60c58c,0.8871345145281647,1,320,8.9,page_1,98
content_a37ce8ddc090,client_7f2253d7e2,0.8868243612472505,1,1039,2.3,top_3,106
content_652de86532d4,client_624b60c58c,0.8867953013668525,1,276,9.5,page_1,124
content_9bcc697ea7f3,client_624b60c58c,0.886509012118018,1,832,7.1,page_1,131
content_c06db6f0ef92,client_6208ef0f77,0.8858349265217805,1,461,1.9,top_3,98
content_66458ac1b739,client_8527a891e2,0.8856309274388812,1,6822,2.9,top_3,223
content_3d8f6737ad9d,client_a88a7902cb,0.8854272739823794,1,152,8.6,page_1,95
content_b5964a1a276f,client_19581e27de,0.8852839808354004,1,1872,2.0,top_3,153
content_628818a4da4d,client_19581e27de,0.8838568878778479,1,643,4.0,page_1,153
content_718b2384bae1,client_624b60c58c,0.8838294422728278,1,56,5.4,page_1,98
content_7aaffc35a4fa,client_624b60c58c,0.8837508083500578,1,311,7.0,page_1,111
content_d48a0d388685,client_19581e27de,0.8836683185225784,1,902,3.8,page_1,148
content_2cb4479587fa,client_6208ef0f77,0.883619458639268,1,5985,43.1,page_3_5,139
content_9d26a36928a1,client_624b60c58c,0.8834140271582039,1,156,26.2,page_3_5,93
content_27806249a156,client_6208ef0f77,0.8830144941901478,0,5123,2.0,top_3,211
content_88428f7165e1,client_19581e27de,0.8827956866125181,1,613,2.4,top_3,144
content_bdc3bb0fa949,client_d029fa3a95,0.8827011132018944,1,97,9.9,page_1,172
content_a64702530135,client_19581e27de,0.882564375135349,0,1593,4.1,page_1,153
content_1c0f8c2f9018,client_19581e27de,0.8824010500809255,1,615,2.1,top_3,153
content_5ed82128408f,client_a88a7902cb,0.8823642962021603,1,556,10.9,striking,138
content_076ad4de4257,client_d029fa3a95,0.8823446980601635,1,178,8.1,page_1,172
content_134631e65b9e,client_6208ef0f77,0.8820387790858616,1,4417,1.5,top_3,118
content_d2aace9c0ea5,client_19581e27de,0.8817164800177165,1,320,3.6,page_1,144
content_2f2569494af4,client_624b60c58c,0.8816505050780324,1,164,7.6,page_1,110
content_591354cf8692,client_6208ef0f77,0.8811828425144989,1,1641,3.4,page_1,144
content_e76699b98ac6,client_19581e27de,0.8809116218674734,1,790,2.2,top_3,144
content_96472c1f2070,client_19581e27de,0.8809116218674734,1,714,4.3,page_1,144
content_2e0b603242cf,client_19581e27de,0.880082292041683,1,2207,14.9,striking,153
content_bcc6c330c8c5,client_624b60c58c,0.8800772096460432,1,1821,12.9,striking,91
content_1e875a716604,client_19581e27de,0.8798994276308114,1,2702,4.6,page_1,144
content_3bb23afaf34e,client_349c41201b,0.8796245888559665,0,2910,15.4,striking,144
content_2a57f2016a14,client_bbb965ab0c,0.8795522936767646,1,2324,0.6,top_3,131
content_f902a3fb5173,client_d029fa3a95,0.8793114876407244,1,190,4.6,page_1,110
content_7932fbf97bec,client_624b60c58c,0.879275281260683,1,267,7.8,page_1,105
content_2c860a2509ec,client_b4944c6ff0,0.8791570864659917,0,3216,2.6,top_3,95
content_9b28cf5ae4f3,client_f369cb89fc,0.879139118509845,1,1620,1.1,top_3,106
content_c0ca28146a2a,client_6208ef0f77,0.8790546140810317,1,2177,1.8,top_3,144
content_72361a3dd42c,client_19581e27de,0.878994373869623,1,2233,2.6,top_3,329
content_d0351144852b,client_19581e27de,0.8788991131115291,1,884,0.6,top_3,153
content_db13a3ac2d38,client_6208ef0f77,0.8788140283431272,1,2792,17.8,striking,139
content_f6f172c354a7,client_624b60c58c,0.8786842731288607,1,59,4.1,page_1,96
content_6107c6f4cb28,client_d029fa3a95,0.8781817690526705,1,165,7.5,page_1,130
content_0cf67ec37ab8,client_f74efabef1,0.8781196910382787,1,767,3.0,top_3,140
content_28ed05f5d1aa,client_624b60c58c,0.8770153329844741,1,552,9.6,page_1,113
content_91f4df9a508f,client_19581e27de,0.8769892761440362,1,705,3.6,page_1,148
content_7a3f1adcf43f,client_19581e27de,0.8764666323969099,1,350,4.3,page_1,153
content_7a999bea6a06,client_4e07408562,0.8764095554275523,1,3026,8.8,page_1,228
content_80be70a84a56,client_4e07408562,0.8762461235075515,1,263,6.8,page_1,545
content_e8259898d88e,client_624b60c58c,0.8762188576514581,1,1963,5.8,page_1,104
content_02bcf3eec147,client_19581e27de,0.8761780424958038,1,294,2.2,top_3,153
content_53285c7434ac,client_f369cb89fc,0.8756387952661676,1,331,2.4,top_3,141
content_f2508318df4b,client_f369cb89fc,0.8753680072894212,1,2831,3.1,page_1,147
content_a467a30832b8,client_6208ef0f77,0.8750719713310187,0,4393,39.1,page_3_5,148
content_b48ddf3e07e1,client_d029fa3a95,0.8750571294419243,0,82,8.2,page_1,110
content_884c401ce126,client_8527a891e2,0.8745314246339653,0,101,23.1,page_3_5,174
content_b0e0447c2f16,client_19581e27de,0.8742403701665724,1,2800,3.5,page_1,144
content_da27e8e0c580,client_d029fa3a95,0.8741574059849442,1,103,11.8,striking,172
content_59a5445f4da1,client_2c624232cd,0.8737903560070429,0,8957,3.9,page_1,517
content_88a2e9238054,client_b4944c6ff0,0.8736347321090701,1,1564,1.0,top_3,95
content_d8f1f24b42c7,client_b4944c6ff0,0.8736347321090701,1,1144,2.6,top_3,95
content_1d2233dc3323,client_f369cb89fc,0.8731541180077655,0,1463,1.5,top_3,106
content_9a1f5f985aa2,client_624b60c58c,0.872872234269555,1,161,10.7,striking,124
content_5ef76f383560,client_f369cb89fc,0.8724132319319648,1,973,3.2,page_1,106
