content_id,client_id,oof_rf_prob,is_declining_label,impressions_90d,avg_position,position_tier,content_age_days
content_4c8b45f3b4f0,client_6208ef0f77,0.8102389738426106,1,6206,24.5,page_3_5,111
content_6752b50ee577,client_bbb965ab0c,0.8092343282858614,1,2142,2.9,top_3,131
content_c06db6f0ef92,client_6208ef0f77,0.8085586942727008,1,461,1.9,top_3,98
content_2a57f2016a14,client_bbb965ab0c,0.8049750754258482,1,2324,0.6,top_3,131
content_139f09ffd77b,client_bbb965ab0c,0.8034956878794555,1,6364,32.8,page_3_5,133
content_f630037749d0,client_6208ef0f77,0.8028807335276756,1,1016,2.3,top_3,118
content_eb3b2c3bbc34,client_f369cb89fc,0.8027329580171417,1,580,1.3,top_3,117
content_d8020ed269ef,client_6208ef0f77,0.802706081742778,1,1216,1.2,top_3,148
content_53285c7434ac,client_f369cb89fc,0.8021431161990756,1,331,2.4,top_3,141
content_5284947752fb,client_7f2253d7e2,0.7997126649644914,1,502,2.5,top_3,168
content_a37ce8ddc090,client_7f2253d7e2,0.7985886262573828,1,1039,2.3,top_3,106
content_7a6cb4857fe6,client_f369cb89fc,0.7984478932132789,1,789,1.6,top_3,117
content_93212d38d737,client_19581e27de,0.7982061251276559,1,4868,1.7,top_3,119
content_38f09ea98655,client_6208ef0f77,0.7973386388555693,1,753,26.4,page_3_5,148
content_0cf67ec37ab8,client_f74efabef1,0.7972807574278478,1,767,3.0,top_3,140
content_7468618ed04d,client_6208ef0f77,0.7951675200351768,1,18109,42.1,page_3_5,111
content_201c5c2257b9,client_bbb965ab0c,0.7945505017106548,1,408,1.5,top_3,133
content_bdfaf3314475,client_349c41201b,0.7944521459089512,1,2708,33.4,page_3_5,144
content_f988b4cba4ea,client_6208ef0f77,0.7939334979585384,1,16045,40.8,page_3_5,153
content_9e8671965fff,client_f369cb89fc,0.7938537450149455,1,1322,2.3,top_3,95
content_db13a3ac2d38,client_6208ef0f77,0.7932575660113366,1,2792,17.8,striking,139
content_87027ccd8c98,client_6208ef0f77,0.793079326703351,1,361,2.7,top_3,111
content_6b09c696507d,client_f369cb89fc,0.7929408518337165,1,2813,0.8,top_3,106
content_8c4f012412a9,client_6208ef0f77,0.7925667193797841,1,2651,2.7,top_3,118
content_1d462e6151e1,client_6208ef0f77,0.7924663918219277,1,5214,23.4,page_3_5,148
content_78a8704f334f,client_349c41201b,0.7904365737112845,0,3818,20.0,page_3_5,154
content_102d1a1e54a6,client_f369cb89fc,0.7904082833921982,1,1183,2.7,top_3,106
content_d015eb800625,client_d029fa3a95,0.7904007567606379,0,1064,8.5,page_1,172
content_8e0deefed99d,client_6208ef0f77,0.7903964785600344,1,5120,34.8,page_3_5,153
content_68143b9ea62c,client_6208ef0f77,0.7899565564289985,0,3288,34.2,page_3_5,124
content_1d2233dc3323,client_f369cb89fc,0.7893618976631478,0,1463,1.5,top_3,106
content_3e244f03f11b,client_6208ef0f77,0.7878451369448338,1,2733,2.5,top_3,111
content_9b1bf5ce33fa,client_6208ef0f77,0.7872530182285555,1,8002,47.0,page_3_5,139
content_623fddeecb19,client_19581e27de,0.7870861081272602,1,1666,12.0,striking,139
content_9d0300db3dbb,client_624b60c58c,0.7870699723633798,1,361,7.1,page_1,119
content_70dba941a4cd,client_6208ef0f77,0.7859188330048421,1,4368,41.2,page_3_5,151
content_8b5f23d28bf6,client_6208ef0f77,0.7856158525990388,1,957,3.0,top_3,111
content_7b7226ed26a3,client_f369cb89fc,0.785373035294062,1,2918,0.8,top_3,106
content_3bb23afaf34e,client_349c41201b,0.7853618262354527,0,2910,15.4,striking,144
content_1841a83f8bc5,client_6208ef0f77,0.7852441545331084,1,3306,20.2,page_3_5,151
content_4aac9f633ec7,client_6208ef0f77,0.785239598847111,1,800,2.5,top_3,118
content_2cb4479587fa,client_6208ef0f77,0.7850233587823874,1,5985,43.1,page_3_5,139
content_637107baa450,client_f369cb89fc,0.7848489126991294,1,2495,0.7,top_3,106
content_4cc7526e87df,client_19581e27de,0.7845696742282265,1,870,7.6,page_1,139
content_a27eb2ede5e6,client_6208ef0f77,0.784456152275819,0,2482,2.0,top_3,139
content_6e792cf3ce56,client_f74efabef1,0.7842712023710847,1,4908,29.1,page_3_5,148
content_93c277cfc016,client_6208ef0f77,0.7841163409397098,1,4469,29.4,page_3_5,151
content_5814b70d4f91,client_19581e27de,0.7835757603141702,1,676,2.3,top_3,124
content_4a49fd5be673,client_6208ef0f77,0.7832519980854726,1,1874,2.4,top_3,104
content_2fabcd10f49c,client_349c41201b,0.7830896570783135,1,4754,32.2,page_3_5,148
content_c0ca28146a2a,client_6208ef0f77,0.7829826158189944,1,2177,1.8,top_3,144
content_da94d24463e6,client_7f2253d7e2,0.7829205756869492,1,1144,3.0,top_3,90
content_0f7d472f7ba8,client_7f2253d7e2,0.7828567459744853,1,540,3.0,top_3,168
content_e6d38d1e801a,client_19581e27de,0.7822286317567166,1,741,2.2,top_3,139
content_186489efe6f4,client_6208ef0f77,0.7822186074556745,0,4792,2.3,top_3,148
content_0c0712027f83,client_6208ef0f77,0.7820211671121226,1,3471,22.1,page_3_5,151
content_e577de20808e,client_6208ef0f77,0.7819398187634505,1,8610,28.8,page_3_5,98
content_b81958438551,client_6208ef0f77,0.781524462477865,1,4972,25.6,page_3_5,151
content_cb2d43abb7f6,client_f369cb89fc,0.781178267576251,1,2931,2.4,top_3,131
content_d275a7e021d8,client_f74efabef1,0.7806945618424451,1,3160,24.3,page_3_5,117
content_f2b9744f016d,client_349c41201b,0.7804959638328219,1,5503,28.8,page_3_5,144
content_08b1b79ef44c,client_6208ef0f77,0.780482195835729,1,1356,1.2,top_3,118
content_9b28cf5ae4f3,client_f369cb89fc,0.7804102781440223,1,1620,1.1,top_3,106
content_737808ab7fd4,client_349c41201b,0.7803538580649158,1,378,7.0,page_1,148
content_55943ca3ec1e,client_7f2253d7e2,0.780180231305754,1,1054,2.6,top_3,90
content_c14a055e6a26,client_349c41201b,0.7801744773797388,1,8605,34.0,page_3_5,140
content_c26c1128d026,client_349c41201b,0.7798478290718645,1,2068,41.7,page_3_5,148
content_d9f4afa74caf,client_6208ef0f77,0.7797291168064073,1,7216,23.7,page_3_5,148
content_d0987deff198,client_6208ef0f77,0.7796157256729553,1,2463,28.3,page_3_5,144
content_2dbab51b83c9,client_d029fa3a95,0.7794287790611074,0,781,9.1,page_1,172
content_b03ea7190aea,client_f369cb89fc,0.7788424828586992,1,1508,2.6,top_3,106
content_d0351144852b,client_19581e27de,0.7787152474837284,1,884,0.6,top_3,153
content_7aa8f12c3409,client_6208ef0f77,0.7785366751750202,1,5094,42.6,page_3_5,118
content_525a66698c0e,client_19581e27de,0.7777414106947116,1,2804,30.3,page_3_5,139
content_fcf98763320e,client_349c41201b,0.7772686962493802,1,4069,29.1,page_3_5,140
content_5de9a15b932c,client_d029fa3a95,0.777175169755111,1,323,6.8,page_1,141
content_cfbb20d73437,client_6208ef0f77,0.7771285411049219,1,2999,31.9,page_3_5,144
content_7852e54e8f47,client_6208ef0f77,0.777106758506548,0,4105,23.1,page_3_5,151
content_b08562686d22,client_f369cb89fc,0.7767415239957229,1,2846,2.0,top_3,106
content_f57df93d1a2a,client_6208ef0f77,0.7767411446206937,1,2643,35.0,page_3_5,148
content_7ae230422776,client_6208ef0f77,0.7765642832336063,1,2449,2.7,top_3,144
content_5ed82128408f,client_a88a7902cb,0.7765622931312995,1,556,10.9,striking,138
content_bc595df5ea71,client_349c41201b,0.7765621179096739,1,3906,35.8,page_3_5,140
content_be7555890f38,client_6208ef0f77,0.77622241998207,0,5266,40.8,page_3_5,118
content_29eb952a2da6,client_349c41201b,0.7761723088503639,0,661,10.2,striking,165
content_e913ab1f851a,client_19581e27de,0.776066368077091,0,8110,2.4,top_3,95
content_14ac5317a035,client_6208ef0f77,0.7760517837720617,1,1033,30.7,page_3_5,139
content_4f5826036689,client_6208ef0f77,0.7759499637289454,1,9761,21.9,page_3_5,153
content_be1c109fcdbc,client_349c41201b,0.7758933124891191,1,10931,34.0,page_3_5,144
content_fd2075ea5f6a,client_d029fa3a95,0.7757648004903912,1,1884,22.4,page_3_5,203
content_998f6f88784c,client_f74efabef1,0.7756900644934599,1,12053,2.6,top_3,148
content_10e37d569f62,client_19581e27de,0.7755626111529199,1,2290,2.1,top_3,98
content_2ba564025f94,client_6208ef0f77,0.7753144769653814,1,856,23.1,page_3_5,95
content_d0fd2e1ec8f6,client_6208ef0f77,0.7752655498417265,1,519,2.5,top_3,139
content_2ee8ea676b1e,client_6208ef0f77,0.7751784097729986,1,2163,26.0,page_3_5,139
content_a8cd736c9c7b,client_349c41201b,0.7751402590169172,1,2877,23.2,page_3_5,144
content_e973ad4eacf7,client_6208ef0f77,0.7750994609838141,1,2468,25.4,page_3_5,151
content_7def8fc1c1c9,client_6208ef0f77,0.7749575141999935,1,3240,22.4,page_3_5,148
content_72eadcc7f193,client_6208ef0f77,0.7749042913530068,1,1249,21.2,page_3_5,151
content_a53d1c4231b3,client_d029fa3a95,0.7747856428470284,0,740,12.4,striking,141
